Month,Mean TemperatureF
Jan,32.13333333
Apr,61.95604396
Jul,68.93478261
Oct,43.43478261
