,Month,Mean TemperatureF
0,Jan,32.13333333333333
1,Apr,61.956043956043956
2,Jul,68.93478260869566
3,Oct,43.43478260869565
